{"cameraMode":{"drawMode":0,"name":"Shaded","section":"Shading Mode"},"sceneLighting":true,"audioPlay":false,"sceneViewState":{"showFog":true,"showMaterialUpdate":false,"showSkybox":true,"showFlares":true,"showImageEffects":true,"showParticleSystems":true},"in2DMode":false,"pivot":{"x":-0.42344093322753909,"y":-43.85222244262695,"z":-16.707473754882814},"rotation":{"x":0.7092239856719971,"y":-0.0021148554515093567,"z":0.002127526095137,"w":0.7049815058708191},"size":1359.007080078125,"orthographic":false}